{
    "calib": [
        {
            "aperture": 180,
            "ellipse": [
                561.4058789176344,
                767.6805791542414,
                761.9093397576557,
                722.0846763223104,
                0.31907210289201937,
                1.4380443871811273
            ],
            "cameraMatrix": [
                [
                    547.3816924708734,
                    0.0,
                    561.4058789176344
                ],
                [
                    0.0,
                    547.3816924708734,
                    767.6805791542414
                ],
                [
                    0.0,
                    0.0,
                    1.0
                ]
            ],
            "t": [
                [
                    0.02961615558018613
                ],
                [
                    -0.0002708200910139693
                ],
                [
                    0.05638839741135966
                ]
            ],
            "R": [
                [
                    1.0000000000000002,
                    -1.382899871005261e-16,
                    1.4279577886344534e-16
                ],
                [
                    -1.382899871005261e-16,
                    0.9999999999999998,
                    4.683753385137379e-17
                ],
                [
                    1.4279577886344534e-16,
                    4.683753385137379e-17,
                    0.9999999999999999
                ]
            ],
            "kCoeffs": [
                -0.049961069651427874,
                -0.0018462554546845877,
                0.002692096346501735,
                -0.0011531536547291932
            ],
            "fov": 102.0,
            "radius": 772.2451782226562,
            "vuzeConfig": true
        },
        {
            "aperture": 180,
            "ellipse": [
                548.2331931995644,
                773.9538533288287,
                763.5932891761521,
                720.8179487561218,
                0.3299983368377687,
                1.6208781835900266
            ],
            "cameraMatrix": [
                [
                    544.719144564189,
                    0.0,
                    548.2331931995644
                ],
                [
                    0.0,
                    544.719144564189,
                    773.9538533288287
                ],
                [
                    0.0,
                    0.0,
                    1.0
                ]
            ],
            "t": [
                [
                    -0.02969999489401998
                ],
                [
                    0.000162935852355515
                ],
                [
                    0.05763515107111548
                ]
            ],
            "R": [
                [
                    0.9994437670688665,
                    -0.016800819260655363,
                    -0.028807793031813664
                ],
                [
                    0.016731104476036766,
                    0.9998564886966362,
                    -0.002659352222773413
                ],
                [
                    0.028848338083934232,
                    0.002175886808552482,
                    0.9995814318535489
                ]
            ],
            "kCoeffs": [
                -0.037192177408859765,
                -0.012012579100624289,
                0.0053888256027496435,
                -0.0011296743316580808
            ],
            "fov": 107.0,
            "radius": 799.2097778320312,
            "vuzeConfig": true,
            "depth": {
                "mode": "linreg",
                "linreg": {
                    "order": [
                        2,
                        4
                    ],
                    "coeffs": [
                        [
                            0.08835296931400304,
                            -0.3462604239456495
                        ],
                        [
                            0.9940708547665283,
                            0.10534003525501494
                        ],
                        [
                            0.0012094255534337052,
                            -0.03362767816936309
                        ],
                        [
                            -0.17307797360779648,
                            1.2619641258279088
                        ],
                        [
                            0.11655863605211389,
                            -0.1269213821131658
                        ],
                        [
                            -0.03143576774323107,
                            0.028384767192096753
                        ],
                        [
                            0.0029756256596360337,
                            -0.0024577699610082568
                        ]
                    ],
                    "cross": false
                }
            }
        },
        {
            "aperture": 180,
            "ellipse": [
                519.8985460719011,
                788.8161761418968,
                768.0912337244268,
                731.9137519683895,
                0.30328624168174984,
                1.4775932754982704
            ],
            "cameraMatrix": [
                [
                    538.9702791610239,
                    0.0,
                    519.8985460719011
                ],
                [
                    0.0,
                    538.9702791610239,
                    788.8161761418968
                ],
                [
                    0.0,
                    0.0,
                    1.0
                ]
            ],
            "t": [
                [
                    0.02869968257394264
                ],
                [
                    -0.0007521411218128602
                ],
                [
                    0.05869992770806259
                ]
            ],
            "R": [
                [
                    0.9998999268307905,
                    0.01336837970674212,
                    0.004628471431935341
                ],
                [
                    -0.01331056455127476,
                    0.999835701240681,
                    -0.01230444618347519
                ],
                [
                    -0.004792201488483545,
                    0.012241607270781534,
                    0.9999135851944018
                ]
            ],
            "kCoeffs": [
                -0.04419283633762244,
                -0.0031488750510478758,
                0.0005686336774024653,
                -0.00021072624332138426
            ],
            "fov": 114.0,
            "radius": 814.1705932617188,
            "vuzeConfig": true
        },
        {
            "aperture": 180,
            "ellipse": [
                563.0045917532178,
                761.6686201842593,
                759.834301926164,
                718.7520996086103,
                0.32436300629001885,
                1.5344627182178474
            ],
            "cameraMatrix": [
                [
                    539.9464003330999,
                    0.0,
                    563.0045917532178
                ],
                [
                    0.0,
                    539.9464003330999,
                    761.6686201842593
                ],
                [
                    0.0,
                    0.0,
                    1.0
                ]
            ],
            "t": [
                [
                    -0.030134526430587248
                ],
                [
                    -0.0005214978067355127
                ],
                [
                    0.0592540146475402
                ]
            ],